http://www.amazon.com/gp/offer-listing/B007S642BW,27/03/2014,,,,http://www.amazon.com/gp/offer-listing/B007S642BW,27/03/2014,,,,,,
other,4.53,0,646,,other,4.53,0,646,,,,
other,4.53,0,157,,other,4.53,0,157,,,,
other,4.53,0,0,,other,4.53,0,0,,,,
eformart,3.76,$0.79 ,"9,653",,eformart,3.76,$0.79 ,"9,653",,,,
other,4.55,0,85,,other,4.55,0,85,,,,
other,3.56,$0.99 ,"1,960",,other,3.56,$0.99 ,"1,960",,,,
other,4.55,0,"1,474",,other,4.55,0,"1,474",,,,
accmart,4.55,0,"3,346",,accmart,4.55,0,"3,346",,,,
other,3.82,$0.73 ,"5,364",,other,3.82,$0.73 ,"5,365",,,,
other,4.54,$0.01 ,0,,other,4.54,$0.01 ,0,,,,
http://www.amazon.com/gp/offer-listing/B002FFT8Z6,27/03/2014,,,,http://www.amazon.com/gp/offer-listing/B002FFT8Z6,27/03/2014,,,,,,
other,2.52,0,646,,other,2.52,0,646,,,,
other,2.54,0,"1,474",,eformart,1.75,$0.79 ,"9,653",,,,
ELE,2.54,0,"1,573",,other,2.54,0,"1,474",,,,
other,1.55,$0.99 ,"1,960",,ELE,2.54,0,"1,573",,,,
other,2.54,0,361,,other,1.55,$0.99 ,"1,960",,,,
eformart,1.75,$0.79 ,"9,653",,other,2.54,0,363,,,,
accmart,2.55,0,"3,346",,accmart,2.55,0,"3,346",,,,
other,1.83,$0.73 ,"5,363",,other,1.83,$0.73 ,"5,363",,,,
other,1.57,$0.99 ,"4,893",,other,1.57,$0.99 ,"4,893",,,,
other,2.63,0,209,,other,2.63,0,209,,,,
http://www.amazon.com/gp/offer-listing/B008279OJ6,27/03/2014,,,,http://www.amazon.com/gp/offer-listing/B008279OJ6,27/03/2014,,,,,,
other,2.52,0,646,,other,4.88,0,646,,,,
other,2.54,0,"1,474",,other,4.9,0,"3,826",,,,
ELE,2.54,0,"1,573",,ELE,4.9,0,"1,573",,,,
other,1.55,$0.99 ,"1,960",,other,4.9,0,85,,,,
other,2.54,0,361,,other,4.92,0,"1,936",,,,
eformart,1.75,$0.79 ,"9,653",,eformart,4.15,$0.79 ,"9,653",,,,
accmart,2.55,0,"3,346",,other,4.95,0,"5,531",,,,
other,1.83,$0.73 ,"5,363",,accmart,4.95,0,"3,346",,,,
other,1.57,$0.99 ,"4,893",,other,4.09,$0.99 ,"1,960",,,,http://www.amazon.com/gp/offer-listing/B001NY45S0
other,2.63,0,209,,other,5.16,0,"1,474",,,,
http://www.amazon.com/gp/offer-listing/B001NY45S0,27/03/2014,,,,http://www.amazon.com/gp/offer-listing/B001NY45S0,27/03/2014,,,,,,
other,1.71,0,"9,672",,other,1.71,0,"9,671",,,,
other,1.72,0,15,,other,1.72,0,15,,,,
other,1.73,0,"1,474",,eformart,0.94,$0.79 ,"9,653",,,,
eformart,0.94,$0.79 ,"9,653",,ELE,1.73,0,"1,573",,,,
ELE,1.73,0,"1,573",,other,1.73,0,"1,474",,,,
accmart,1.78,0,"3,346",,accmart,1.78,0,"3,346",,,,
other,1.78,0,"6,309",,other,1.78,0,"6,309",,,,
other,1.8,0,"1,017",,other,1.8,0,"1,017",,,,
other,1.83,0,"5,531",,other,1.83,0,151,,,,
other,1.83,0,234,,other,1.83,0,"5,532",,,,
http://www.amazon.com/gp/offer-listing/B0049ME3BM,27/03/2014,,,,http://www.amazon.com/gp/offer-listing/B0049ME3BM,27/03/2014,,,,,,
smart,2.56,0,"9,363",,smart,2.56,0,"9,363",,,,
other,2.57,0,"1,474",,other,2.57,0,"1,474",,,,
ELE,2.57,0,"1,573",,ELE,2.57,0,"1,573",,,,
HKSELLER,2.57,0,"6,374",,overfeel,2.57,0,"3,000",,,,
overfeel,2.57,0,"3,000",,space,2.57,0,"5,433",,,,
space,2.57,0,"5,433",,HKSELLER,2.57,0,"6,374",,,,
accmart,2.58,0,"3,346",,accmart,2.58,0,"3,346",,,,
eformart,1.79,$0.79 ,"9,653",,eformart,1.79,$0.79 ,"9,653",,,,
other,2.58,0,39,,other,2.58,0,39,,,,
other,2.62,0,"2,437",,other,2.62,0,"2,437",,,,
http://www.amazon.com/gp/offer-listing/B009LVVTSQ,27/03/2014,,,,http://www.amazon.com/gp/offer-listing/B009LVVTSQ,27/03/2014,,,,,,
other,6.29,0,18,,other,6.29,0,18,,,,
other,6.97,0,12,,other,6.97,0,12,,,,
ELE,6.98,0,"1,573",,ELE,6.98,0,"1,573",,,,
other,5.49,$1.50 ,117,,other,5.49,$1.50 ,117,,,,
other,6.99,$0.16 ,3,,other,6.99,$0.16 ,3,,,,
other,3.99,$3.49 ,"512,789",,other,3.99,$3.49 ,"512,789",,,,
other,3.51,$3.99 ,"1,286",,other,3.51,$3.99 ,"1,286",,,,
http://www.amazon.com/gp/offer-listing/B005LTBCKM,27/03/2014,,,,http://www.amazon.com/gp/offer-listing/B005LTBCKM,27/03/2014,,,,,,
other,5.93,0,"5,531",,other,5.93,0,"5,532",,,,
ELE,5.93,0,"1,573",,ELE,5.93,0,"1,573",,,,
other,5.98,0,"1,474",,eformart,5.19,$0.79 ,"9,653",,,,
eformart,5.19,$0.79 ,"9,653",,other,5.98,0,"1,473",,,,
accmart,5.99,0,"3,346",,accmart,5.99,0,"3,346",,,,
other,6.84,0,60,,other,6.84,0,60,,,,
other,6.85,0,116,,other,6.85,0,116,,,,
other,6.94,0,341,,other,6.94,0,341,,,,
other,7.17,0,793,,other,7.17,0,793,,,,
other,7.86,0,58,,other,7.86,0,57,,,,
http://www.amazon.com/gp/offer-listing/B0027EMHM6,27/03/2014,,,,http://www.amazon.com/gp/offer-listing/B0027EMHM6,27/03/2014,,,,,,
smart,1.92,0,"9,363",,smart,1.92,0,"9,362",,,,
eformart,1.14,$0.79 ,"9,653",,eformart,1.14,$0.79 ,"9,653",,,,
ELE,1.93,0,"1,573",,ELE,1.93,0,"1,573",,,,
HKSELLER,1.93,0,"6,374",,HKSELLER,1.93,0,"6,374",,,,
overfeel,1.93,0,"3,000",,overfeel,1.93,0,"2,999",,,,
space,1.93,0,"5,433",,space,1.93,0,"5,433",,,,
other,1.94,0,"1,936",,other,1.94,0,"1,936",,,,
other,1.96,0,"3,416",,other,1.96,0,"3,416",,,,
other,2.1,0,"2,673",,other,2.1,0,"2,673",,,,
other,2.29,0,818,,other,2.29,0,818,,,,
http://www.amazon.com/gp/offer-listing/B002FFZGCU,27/03/2014,,,,http://www.amazon.com/gp/offer-listing/B002FFZGCU,27/03/2014,,,,,,
other,3,$0.50 ,"256,077",,other,3,$0.50 ,"256,077",,,,
ELE,4.55,0,"1,573",,ELE,4.55,0,"1,573",,,,
other,4.55,0,"1,474",,other,4.55,0,"1,474",,,,
eformart,3.76,$0.79 ,"9,653",,eformart,3.76,$0.79 ,"9,653",,,,
smart,4.55,0,"9,362",,smart,4.55,0,"9,362",,,,
accmart,4.56,0,"3,346",,accmart,4.56,0,"3,346",,,,
HKSELLER,4.56,0,"6,374",,HKSELLER,4.56,0,"6,374",,,,
overfeel,4.56,0,"3,000",,overfeel,4.56,0,"3,000",,,,
space,4.56,0,"5,433",,space,4.56,0,"5,433",,,,
other,3.8,$0.99 ,"1,960",,other,3.8,$0.99 ,"1,960",,,,
http://www.amazon.com/gp/offer-listing/B002FFZGCU,27/03/2014,,,,http://www.amazon.com/gp/offer-listing/B002FFZGCU,27/03/2014,,,,,,
other,3,$0.50 ,"256,077",,other,3,$0.50 ,"256,077",,,,
ELE,4.55,0,"1,573",,ELE,4.55,0,"1,573",,,,
other,4.55,0,"1,474",,other,4.55,0,"1,474",,,,
eformart,3.76,$0.79 ,"9,653",,eformart,3.76,$0.79 ,"9,653",,,,
smart,4.55,0,"9,363",,smart,4.55,0,"9,363",,,,
accmart,4.56,0,"3,346",,accmart,4.56,0,"3,346",,,,
HKSELLER,4.56,0,"6,374",,HKSELLER,4.56,0,"6,374",,,,
overfeel,4.56,0,"3,000",,overfeel,4.56,0,"3,000",,,,
space,4.56,0,"5,433",,space,4.56,0,"5,433",,,,
other,3.8,$0.99 ,"1,960",,other,3.8,$0.99 ,"1,960",,,,
http://www.amazon.com/gp/offer-listing/B0010HE6LG,27/03/2014,,,,http://www.amazon.com/gp/offer-listing/B0010HE6LG,27/03/2014,,,,,,
other,3.59,0,160,,other,3.59,0,160,,,,
other,3.6,0,"15,992",,other,3.6,0,"15,994",,,,
other,3.61,0,"4,544",,other,3.61,0,"4,544",,,,
other,3.61,0,"4,758",,other,3.61,0,"4,758",,,,
other,3.63,0,85,,other,3.63,0,85,,,,
other,3.64,0,"1,474",,other,3.64,0,"1,474",,,,
other,3.65,0,0,,other,3.65,0,0,,,,
accmart,3.65,0,"3,346",,accmart,3.65,0,"3,346",,,,
ELE,3.68,0,"1,573",,other,2.69,$0.99 ,"1,960",,,,
other,2.69,$0.99 ,"1,960",,ELE,3.68,0,"1,573",,,,
http://www.amazon.com/gp/offer-listing/B003SWLRLS,27/03/2014,,,,http://www.amazon.com/gp/offer-listing/B003SWLRLS,27/03/2014,,,,,,
smart,4.75,0,"9,363",,smart,4.75,0,"9,362",,,,
other,4.76,0,646,,other,4.76,0,646,,,,
space,4.76,0,"5,433",,overfeel,4.76,0,"3,000",,,,
overfeel,4.76,0,"3,000",,space,4.76,0,"5,433",,,,
HKSELLER,4.76,0,"6,374",,HKSELLER,4.76,0,"6,374",,,,
other,4.77,0,6,,other,4.77,0,6,,,,
other,4.78,0,85,,other,4.78,0,"1,474",,,,
other,4.78,0,"1,474",,other,4.78,0,85,,,,
eformart,4.01,$0.79 ,"9,653",,eformart,4.01,$0.79 ,"9,653",,,,
other,4.81,0,436,,ELE,4.81,0,"1,573",,,,
http://www.amazon.com/gp/offer-listing/B002BFLALA,27/03/2014,,,,http://www.amazon.com/gp/offer-listing/B002BFLALA,27/03/2014,,,,,,
other,0.17,$1.95 ,9,,other,0.17,$1.95 ,9,,,,
other,2.13,0,"1,278",,ELE,2.13,0,"1,573",,,,
accmart,2.13,0,"3,346",,other,2.13,0,"1,279",,,,
ELE,2.13,0,"1,573",,accmart,2.13,0,"3,346",,,,
eformart,1.35,$0.79 ,"9,653",,eformart,1.35,$0.79 ,"9,653",,,,
other,2.15,0,"166,207",,other,2.15,0,"166,207",,,,
other,3.7,0,"7,372",,other,3.7,0,"7,372",,,,
other,3.48,$0.28 ,"48,089",,other,3.48,$0.28 ,"48,089",,,,
other,3.97,0,"43,881",,other,3.97,0,"43,883",,,,
other,4.99,0,"11,787",,other,4.99,0,"11,787",,,,
http://www.amazon.com/gp/offer-listing/B004TXPWV6,27/03/2014,,,,http://www.amazon.com/gp/offer-listing/B004TXPWV6,27/03/2014,,,,,,
other,3.9,0,15,,other,3.9,0,15,,,,
other,3.91,0,89,,eformart,3.12,$0.79 ,"9,653",,,,
other,3.91,0,"5,530",,other,3.91,0,89,,,,
eformart,3.12,$0.79 ,"9,653",,other,3.91,0,"5,532",,,,
other,3.99,0,"1,474",,other,3.99,0,"1,474",,,,
accmart,4.2,0,"3,346",,accmart,4.2,0,"3,346",,,,
ELE,4.2,0,"1,573",,ELE,4.2,0,"1,573",,,,
other,4.5,0,"1,328",,other,4.5,0,"1,326",,,,
other,4.55,0,12,,other,4.55,0,12,,,,
other,5.75,0,369,,other,5.75,0,369,,,,
http://www.amazon.com/gp/offer-listing/B006TS510Q,27/03/2014,,,,http://www.amazon.com/gp/offer-listing/B006TS510Q,27/03/2014,,,,,,
accmart,6.44,0,"3,346",,other,6.44,0,"3,826",,,,
other,4.45,$1.99 ,462,,other,6.44,0,368,,,,
other,6.44,0,"3,826",,accmart,6.44,0,"3,346",,,,
other,6.44,0,368,,other,4.45,$1.99 ,462,,,,
ELE,6.45,0,"1,573",,ELE,6.45,0,"1,573",,,,
eformart,5.69,$0.79 ,"9,653",,other,6.48,0,"1,936",,,,
other,6.48,0,"1,936",,eformart,5.69,$0.79 ,"9,653",,,,
other,7.5,0,0,,other,7.5,0,0,,,,
other,8.21,0,59,,other,8.21,0,59,,,,
other,8.22,0,341,,other,8.22,0,341,,,,
http://www.amazon.com/gp/offer-listing/B000BV8604,27/03/2014,,,,http://www.amazon.com/gp/offer-listing/B000BV8604,27/03/2014,,,,,,
other,5.16,0,646,,other,5.16,0,646,,,,
other,5.18,0,85,,other,5.18,0,85,,,,
eformart,4.41,$0.79 ,"9,653",,eformart,4.41,$0.79 ,"9,653",,,,
other,4.21,$0.99 ,"1,960",,other,4.21,$0.99 ,"1,960",,,,
other,4.27,$0.99 ,"4,893",,other,4.27,$0.99 ,"4,893",,,,
other,4.54,$0.73 ,"5,365",,other,4.54,$0.73 ,"5,365",,,,
other,5.27,0,"8,936",,other,5.27,0,"8,936",,,,
other,5.39,0,0,,other,5.39,0,0,,,,
other,4.49,$0.98 ,889,,other,4.49,$0.98 ,889,,,,
accmart,5.57,0,"3,346",,accmart,5.57,0,"3,346",,,,
http://www.amazon.com/gp/offer-listing/B003VX3S3Y,27/03/2014,,,,http://www.amazon.com/gp/offer-listing/B003VX3S3Y,27/03/2014,,,,,,
other,2.33,0,"3,388",,other,2.33,0,"3,388",,,,
smart,2.33,0,"9,363",,smart,2.33,0,"9,363",,,,
other,2.34,0,83,,other,2.34,0,83,,,,
other,2.34,0,0,,other,2.34,0,0,,,,
other,2.34,0,157,,other,2.34,0,157,,,,
space,2.34,0,"5,433",,space,2.34,0,"5,433",,,,
HKSELLER,2.34,0,"6,374",,HKSELLER,2.34,0,"6,374",,,,
overfeel,2.34,0,"3,000",,overfeel,2.34,0,"3,000",,,,
other,2.37,0,1,,other,2.37,0,1,,,,
other,2.4,0,0,,other,2.4,0,0,,,,
http://www.amazon.com/gp/offer-listing/B005LTBCKM,27/03/2014,,,,http://www.amazon.com/gp/offer-listing/B005LTBCKM,27/03/2014,,,,,,
ELE,5.93,0,"1,573",,other,5.93,0,"5,532",,,,
other,5.93,0,"5,530",,ELE,5.93,0,"1,573",,,,
eformart,5.19,$0.79 ,"9,653",,eformart,5.19,$0.79 ,"9,653",,,,
other,5.98,0,"1,474",,other,5.98,0,"1,473",,,,
accmart,5.99,0,"3,346",,accmart,5.99,0,"3,346",,,,
other,6.84,0,60,,other,6.84,0,60,,,,
other,6.85,0,116,,other,6.85,0,116,,,,
other,6.94,0,341,,other,6.94,0,341,,,,
other,7.17,0,793,,other,7.17,0,793,,,,
other,7.86,0,58,,other,7.86,0,57,,,,
http://www.amazon.com/gp/offer-listing/B003E2T13S,27/03/2014,,,,http://www.amazon.com/gp/offer-listing/B003E2T13S,27/03/2014,,,,,,
eformart,0.89,$0.79 ,"9,653",,eformart,0.89,$0.79 ,"9,653",,,,
smart,1.68,0,"9,363",,smart,1.68,0,"9,362",,,,
other,1.69,0,166,,other,1.69,0,234,,,,
other,1.69,0,"1,367",,other,1.69,0,166,,,,
other,1.69,0,233,,other,1.69,0,"1,367",,,,
HKSELLER,1.69,0,"6,374",,space,1.69,0,"5,433",,,,
space,1.69,0,"5,434",,HKSELLER,1.69,0,"6,374",,,,
overfeel,1.69,0,"3,000",,overfeel,1.69,0,"3,000",,,,
other,1.7,0,"5,532",,other,1.7,0,340,,,,
other,1.7,0,340,,other,1.7,0,"5,531",,,,
http://www.amazon.com/gp/offer-listing/B003KXEDVQ,27/03/2014,,,,http://www.amazon.com/gp/offer-listing/B003KXEDVQ,27/03/2014,,,,,,
ELE,4.6,0,"1,573",,ELE,4.6,0,"1,573",,,,
other,4.7,0,"2,886",,other,4.7,0,"2,886",,,,
other,2.24,$2.49 ,"1,467",,other,2.24,$2.49 ,"1,467",,,,
other,4.74,0,13,,other,4.74,0,13,,,,
other,4.74,0,340,,other,4.74,0,340,,,,
accmart,4.8,0,"3,346",,accmart,4.8,0,"3,346",,,,
other,4.84,0,"1,936",,other,4.84,0,"1,936",,,,
eformart,4.13,$0.79 ,"9,653",,eformart,4.13,$0.79 ,"9,653",,,,
other,4.92,0,"1,936",,other,4.92,0,"1,936",,,,
other,5.01,0,166,,other,5.01,0,166,,,,
http://www.amazon.com/gp/offer-listing/B004I0FK6M,27/03/2014,,,,http://www.amazon.com/gp/offer-listing/B004I0FK6M,27/03/2014,,,,,,
eformart,0.64,$0.79 ,"9,653",,eformart,0.64,$0.79 ,"9,653",,,,
ELE,1.44,0,"1,573",,other,1.44,0,"1,367",,,,
other,1.44,0,"4,907",,other,1.44,0,"4,907",,,,
other,1.44,0,"1,474",,ELE,1.44,0,"1,573",,,,
other,1.44,0,"1,367",,other,1.44,0,"1,474",,,,
other,1.45,0,85,,accmart,1.45,0,"3,346",,,,
accmart,1.45,0,"3,346",,other,0.76,$0.69 ,"1,456",,,,
other,1.45,0,157,,other,1.45,0,157,,,,
other,0.76,$0.69 ,"1,456",,other,1.45,0,85,,,,
other,1.47,0,"5,531",,other,1.47,0,"5,532",,,,
http://www.amazon.com/gp/offer-listing/B007KFVQXI,27/03/2014,,,,http://www.amazon.com/gp/offer-listing/B007KFVQXI,27/03/2014,,,,,,
eformart,4.11,$0.79 ,"9,653",,eformart,4.11,$0.79 ,"9,653",,,,
other,4.9,0,"1,936",,other,4.9,0,"1,936",,,,
other,4.95,0,"2,887",,other,4.95,0,"2,887",,,,
other,4.96,0,"5,528",,other,4.96,0,"5,532",,,,
other,4.96,0,89,,other,4.96,0,89,,,,
other,5.15,0,269,,other,5.15,0,269,,,,
other,5.15,0,818,,other,5.15,0,818,,,,
other,5.18,0,"11,843",,other,5.18,0,"11,843",,,,
other,5.19,0,"4,402",,other,5.19,0,"4,402",,,,
other,5.19,0,"5,043",,other,5.19,0,"5,045",,,,
http://www.amazon.com/gp/offer-listing/B00810ROQ4,27/03/2014,,,,http://www.amazon.com/gp/offer-listing/B00810ROQ4,27/03/2014,,,,,,
eformart,13,$0.79 ,"9,653",,ELE,13.79,0,"1,573",,,,
other,13.79,0,286,,other,13.79,0,24,,,,
other,13.79,0,377,,other,13.79,0,377,,,,
other,13.79,0,24,,eformart,13,$0.79 ,"9,653",,,,
ELE,13.79,0,"1,573",,other,13.79,0,286,,,,
accmart,13.89,0,"3,346",,accmart,13.89,0,"3,346",,,,
other,14.76,0,18,,other,14.76,0,18,,,,
other,12.57,$3.00 ,4,,other,12.57,$3.00 ,4,,,,
other,10.99,$4.59 ,2,,other,10.99,$4.59 ,2,,,,
other,15.64,0,"1,596",,other,15.64,0,651,,,,
http://www.amazon.com/gp/offer-listing/B0044EOQO4,27/03/2014,,,,http://www.amazon.com/gp/offer-listing/B0044EOQO4,27/03/2014,,,,,,
other,1.98,0,"4,758",,eformart,1.19,$0.79 ,"9,653",,,,
other,1.98,0,"4,402",,other,1.98,0,85,,,,
eformart,1.19,$0.79 ,"9,653",,accmart,1.98,0,"3,346",,,,
other,1.98,0,85,,other,1.98,0,"4,758",,,,
accmart,1.98,0,"3,346",,other,1.98,0,"4,402",,,,
other,1.99,0,"5,045",,other,1.99,0,"11,843",,,,
other,1.99,0,"11,843",,other,1.99,0,"5,044",,,,
ELE,2,0,"1,573",,ELE,2,0,"1,573",,,,
other,2.03,0,"1,936",,other,1.34,$0.69 ,"1,455",,,,
other,1.34,$0.69 ,"1,455",,other,2.03,0,"1,936",,,,
http://www.amazon.com/gp/offer-listing/B000V6T66C,27/03/2014,,,,http://www.amazon.com/gp/offer-listing/B000V6T66C,27/03/2014,,,,,,
other,2.77,0,614,,other,2.77,0,614,,,,
other,2.78,0,12,,other,2.78,0,12,,,,
other,0.8,$1.99 ,883,,other,0.8,$1.99 ,883,,,,
eformart,2.06,$0.79 ,"9,653",,accmart,2.85,0,"3,346",,,,
accmart,2.85,0,"3,346",,ELE,2.85,0,"1,573",,,,
ELE,2.85,0,"1,573",,eformart,2.06,$0.79 ,"9,653",,,,
other,0.9,$1.99 ,88,,other,0.9,$1.99 ,87,,,,
other,1.46,$1.50 ,117,,other,1.46,$1.50 ,117,,,,
other,2.96,0,369,,other,2.96,0,369,,,,
other,2.97,0,"31,456",,other,2.97,0,"109,763",,,,
http://www.amazon.com/gp/offer-listing/B00APJL1XG,27/03/2014,,,,http://www.amazon.com/gp/offer-listing/B00APJL1XG,27/03/2014,,,,,,
other,9.27,0,45,,other,9.27,0,45,,,,
eformart,8.49,$0.79 ,"9,653",,eformart,8.49,$0.79 ,"9,653",,,,
other,9.29,0,"5,531",,other,9.29,0,"5,530",,,,
ELE,9.34,0,"1,573",,ELE,9.34,0,"1,573",,,,
accmart,9.35,0,"3,346",,accmart,9.35,0,"3,346",,,,
other,9.37,0,"1,474",,other,9.37,0,"1,474",,,,
other,9.38,0,1,,other,9.38,0,1,,,,
other,9.42,0,18,,other,9.42,0,18,,,,
other,9.99,0,960,,other,9.99,0,960,,,,
other,5.49,$4.99 ,"1,078",,other,5.49,$4.99 ,"1,078",,,,
http://www.amazon.com/gp/offer-listing/B005QWH4QA,27/03/2014,,,,http://www.amazon.com/gp/offer-listing/B005QWH4QA,27/03/2014,,,,,,
other,5.49,0,3,,other,5.49,0,3,,,,
other,6.11,0,"1,474",,other,6.11,0,"1,474",,,,
other,3.14,$2.98 ,"859,372",,eformart,5.33,$0.79 ,"9,653",,,,
eformart,5.33,$0.79 ,"9,653",,ELE,6.12,0,"1,573",,,,
accmart,6.12,0,"3,346",,other,3.14,$2.98 ,"859,374",,,,
ELE,6.12,0,"1,573",,accmart,6.12,0,"3,346",,,,
other,6.9,0,280,,other,6.9,0,280,,,,
other,7.21,0,0,,other,7.21,0,0,,,,
other,2.5,$4.99 ,"2,640",,other,2.5,$4.99 ,"2,640",,,,
other,7.99,0,"2,496",,other,7.99,0,"2,496",,,,
http://www.amazon.com/gp/offer-listing/B007PODI1W,27/03/2014,,,,http://www.amazon.com/gp/offer-listing/B007PODI1W,27/03/2014,,,,,,
accmart,3.75,0,"3,346",,accmart,3.75,0,"3,346",,,,
other,3.76,0,"4,402",,other,3.76,0,"5,042",,,,
other,3.76,0,"5,044",,other,3.76,0,"4,402",,,,
other,3.77,0,"11,843",,other,3.77,0,"11,843",,,,
other,3.77,0,"1,936",,other,3.77,0,"1,936",,,,
eformart,2.98,$0.79 ,"9,653",,eformart,2.98,$0.79 ,"9,653",,,,
ELE,3.78,0,"1,573",,ELE,3.78,0,"1,573",,,,
other,3.85,0,"5,249",,other,3.85,0,"5,249",,,,
Meco,3.9,0,"8,875",,Meco,3.9,0,"8,875",,,,
other,3.9,0,"1,279",,other,3.9,0,"1,278",,,,
http://www.amazon.com/gp/offer-listing/B009CQC7YU,27/03/2014,,,,http://www.amazon.com/gp/offer-listing/B009CQC7YU,27/03/2014,,,,,,
other,2.06,0,363,,other,2.06,0,363,,,,
other,2.06,0,40,,other,2.06,0,40,,,,
accmart,2.08,0,"3,346",,eformart,1.29,$0.79 ,"9,653",,,,
eformart,1.29,$0.79 ,"9,653",,accmart,2.08,0,"3,346",,,,
smart,2.08,0,"9,363",,smart,2.08,0,"9,363",,,,
overfeel,2.09,0,"3,000",,overfeel,2.09,0,"3,000",,,,
HKSELLER,2.09,0,"6,374",,HKSELLER,2.09,0,"6,374",,,,
space,2.09,0,"5,433",,space,2.09,0,"5,433",,,,
other,2.1,0,10,,other,2.1,0,10,,,,
other,2.13,0,3,,other,2.13,0,3,,,,
http://www.amazon.com/gp/offer-listing/B004TZVKIS,27/03/2014,,,,http://www.amazon.com/gp/offer-listing/B004TZVKIS,27/03/2014,,,,,,
other,2.75,0,15,,other,2.75,0,15,,,,
other,2.75,0,646,,other,2.75,0,646,,,,
other,2.77,0,"5,531",,other,2.77,0,"5,529",,,,
other,1.78,$0.99 ,"4,893",,other,1.78,$0.99 ,"4,893",,,,
other,2.78,0,85,,other,2.78,0,85,,,,
accmart,2.79,0,"3,346",,accmart,2.79,0,"3,346",,,,
other,2.79,0,234,,other,2.79,0,234,,,,
other,1.86,$0.99 ,"1,960",,other,1.86,$0.99 ,"1,960",,,,
ELE,2.9,0,"1,573",,ELE,2.9,0,"1,573",,,,
other,2.23,$0.69 ,"1,456",,other,2.23,$0.69 ,"1,456",,,,
http://www.amazon.com/gp/offer-listing/B000BUDHNQ,27/03/2014,,,,http://www.amazon.com/gp/offer-listing/B000BUDHNQ,27/03/2014,,,,,,
other,2.32,0,"2,496",,other,2.32,0,"2,496",,,,
other,2.32,0,50,,eformart,1.53,$0.79 ,"9,653",,,,
ELE,2.32,0,"1,573",,ELE,2.32,0,"1,573",,,,
other,2.32,0,209,,other,2.32,0,50,,,,
accmart,2.32,0,"3,346",,accmart,2.32,0,"3,346",,,,
eformart,1.53,$0.79 ,"9,653",,other,2.32,0,209,,,,
other,1.8,$0.99 ,"33,363",,other,1.8,$0.99 ,"33,360",,,,
other,2.89,0,"31,456",,other,2.89,0,"31,456",,,,
other,3,0,"1,442",,other,3,0,"1,442",,,,
other,3.99,0,"1,076",,other,3.99,0,"1,076",,,,
http://www.amazon.com/gp/offer-listing/B001MT3FMI,27/03/2014,,,,http://www.amazon.com/gp/offer-listing/B001MT3FMI,27/03/2014,,,,,,
other,10.85,0,"1,474",,other,10.85,0,"1,474",,,,
eformart,10.11,$0.79 ,"9,653",,eformart,10.11,$0.79 ,"9,653",,,,
accmart,10.99,0,"3,346",,accmart,10.99,0,"3,346",,,,
ELE,10.99,0,"1,573",,ELE,10.99,0,"1,573",,,,
other,11.68,$0.50 ,"256,077",,other,11.68,$0.50 ,"256,077",,,,
other,12.99,0,"2,889",,other,12.99,0,"2,889",,,,
other,13.55,0,89,,other,13.55,0,89,,,,
other,13.55,0,"5,530",,other,13.55,0,"5,531",,,,
other,14.97,$1.99 ,57,,other,14.97,$1.99 ,57,,,,
other,17.66,$0.99 ,61,,other,17.66,$0.99 ,61,,,,
http://www.amazon.com/gp/offer-listing/B000I23TTE,27/03/2014,,,,http://www.amazon.com/gp/offer-listing/B000I23TTE,27/03/2014,,,,,,
other,2.34,0,15,,other,2.34,0,15,,,,
other,2.35,0,405,,other,2.35,0,405,,,,
other,2.37,0,589,,other,2.37,0,589,,,,
other,2.38,0,"9,671",,other,2.38,0,"9,671",,,,
other,2.38,0,"1,442",,other,2.38,0,"1,442",,,,
accmart,2.38,0,"3,346",,accmart,2.38,0,"3,346",,,,
eformart,1.59,$0.79 ,"9,653",,eformart,1.59,$0.79 ,"9,653",,,,
other,2.38,0,"216,555",,other,2.38,0,"216,555",,,,
other,2.38,0,"5,529",,other,2.38,0,"5,531",,,,
other,2.39,0,114,,other,2.39,0,114,,,,
http://www.amazon.com/gp/offer-listing/B000UVD8B2,27/03/2014,,,,http://www.amazon.com/gp/offer-listing/B000UVD8B2,27/03/2014,,,,,,
accmart,4.11,0,"3,346",,accmart,4.11,0,"3,346",,,,
other,4.12,0,"4,402",,other,4.12,0,"4,402",,,,
eformart,3.33,$0.79 ,"9,653",,eformart,3.33,$0.79 ,"9,653",,,,
other,4.12,0,"5,044",,other,4.12,0,"5,046",,,,
other,4.13,0,"4,758",,other,4.13,0,"4,758",,,,
ELE,4.14,0,"1,573",,ELE,4.14,0,"1,573",,,,
other,4.15,0,612,,other,4.15,0,612,,,,
other,4.2,0,151,,other,4.2,0,151,,,,
other,4.45,0,"1,936",,other,4.45,0,"1,935",,,,
other,5.45,0,"1,442",,other,5.45,0,"1,442",,,,
http://www.amazon.com/gp/offer-listing/B002JEL40A,27/03/2014,,,,http://www.amazon.com/gp/offer-listing/B002JEL40A,27/03/2014,,,,,,
other,0.01,$1.95 ,9,,other,1.96,0,12,,,,
other,1.96,0,12,,other,0.01,$1.95 ,9,,,,
other,2.21,0,419,,other,2.21,0,419,,,,
other,2.22,0,85,,other,2.22,0,85,,,,
accmart,2.23,0,"3,346",,accmart,2.23,0,"3,346",,,,
eformart,1.45,$0.79 ,"9,653",,eformart,1.45,$0.79 ,"9,653",,,,
other,2.25,0,"1,474",,other,2.25,0,"1,474",,,,
other,2.42,0,"142,887",,other,2.42,0,"142,887",,,,
other,2.43,0,"57,910",,other,2.43,0,"57,910",,,,
other,2.93,0,531,,other,2.93,0,531,,,,
http://www.amazon.com/gp/offer-listing/B004WXJN5E,27/03/2014,,,,http://www.amazon.com/gp/offer-listing/B004WXJN5E,27/03/2014,,,,,,
other,7.2,$0.98 ,1,,other,7.2,$0.98 ,1,,,,
other,7.21,$0.97 ,561,,other,7.21,$0.97 ,561,,,,
other,7.19,$0.99 ,298,,other,7.19,$0.99 ,298,,,,
other,8.18,0,"5,531",,other,8.18,0,"5,532",,,,
other,4.23,$3.99 ,2,,other,4.23,$3.99 ,2,,,,
accmart,8.23,0,"3,346",,accmart,8.23,0,"3,346",,,,
ELE,8.23,0,"1,573",,ELE,8.23,0,"1,573",,,,
eformart,7.49,$0.79 ,"9,653",,eformart,7.49,$0.79 ,"9,653",,,,
other,8.84,0,"5,499",,other,8.84,0,"5,499",,,,
other,8.92,0,116,,other,8.92,0,116,,,,
http://www.amazon.com/gp/offer-listing/B004XLAWZA,27/03/2014,,,,http://www.amazon.com/gp/offer-listing/B004XLAWZA,27/03/2014,,,,,,
eformart,7.15,$0.79 ,"9,653",,accmart,7.94,0,"3,346",,,,
accmart,7.94,0,"3,346",,other,7.94,0,"5,532",,,,
other,7.94,0,"5,532",,eformart,7.15,$0.79 ,"9,653",,,,
other,8.22,0,13,,other,8.22,0,13,,,,
other,8.43,0,60,,other,8.43,0,60,,,,
other,5.08,$3.99 ,0,,other,5.08,$3.99 ,0,,,,
other,9.23,0,58,,other,9.23,0,58,,,,
other,9.66,0,116,,other,9.66,0,116,,,,
other,9.66,0,233,,other,9.66,0,233,,,,
other,9.69,0,160,,other,9.69,0,160,,,,
http://www.amazon.com/gp/offer-listing/B005BOGI4C,27/03/2014,,,,http://www.amazon.com/gp/offer-listing/B005BOGI4C,27/03/2014,,,,,,
accmart,5.34,0,"3,346",,other,5.34,0,"5,044",,,,
other,5.34,0,"5,045",,other,5.34,0,"4,402",,,,
other,5.34,0,"4,402",,other,5.35,0,"11,843",,,,
other,5.35,0,"11,843",,other,5.39,0,18,,,,
other,5.39,0,18,,other,5.93,0,"8,936",,,,
other,5.93,0,"8,936",,other,1.5,$4.49 ,412,,,,
other,1.5,$4.49 ,412,,other,2.99,$3.99 ,"1,286",,,,
other,2.99,$3.99 ,"1,286",,other,2.7,$4.99 ,"2,640",,,,
other,7.69,0,"1,076",,other,7.69,0,"1,077",,,,
other,2.7,$4.99 ,"2,640",,other,8.91,$4.98 ,551,,,,
http://www.amazon.com/gp/offer-listing/B003QH2MY6,27/03/2014,,,,http://www.amazon.com/gp/offer-listing/B003QH2MY6,27/03/2014,,,,,,
smart,4.86,0,"9,362",,smart,4.86,0,"9,362",,,,
ELE,4.87,0,"1,573",,eformart,4.08,$0.79 ,"9,653",,,,
eformart,4.08,$0.79 ,"9,653",,ELE,4.87,0,"1,573",,,,
other,4.87,0,"1,474",,other,4.87,0,"1,474",,,,
space,4.87,0,"5,433",,space,4.87,0,"5,433",,,,
overfeel,4.87,0,"3,000",,overfeel,4.87,0,"2,999",,,,
other,4.88,0,"1,375",,other,4.88,0,"1,375",,,,
other,4.88,0,"4,907",,other,4.88,0,"4,907",,,,
accmart,4.88,0,"3,346",,accmart,4.88,0,"3,346",,,,
other,5.49,0,"5,044",,other,5.49,0,"5,044",,,,
http://www.amazon.com/gp/offer-listing/B006VFKKPI,27/03/2014,,,,http://www.amazon.com/gp/offer-listing/B006VFKKPI,27/03/2014,,,,,,
other,6.42,0,"3,827",,other,6.42,0,14,,,,
other,6.42,0,0,,ELE,6.42,0,"1,573",,,,
other,4.43,$1.99 ,462,,other,4.43,$1.99 ,462,,,,
ELE,6.42,0,"1,573",,other,6.42,0,0,,,,
other,6.42,0,14,,other,6.42,0,"3,826",,,,
other,6.43,0,"1,473",,other,6.43,0,"1,474",,,,
other,6.43,0,368,,accmart,6.43,0,"3,346",,,,
eformart,5.64,$0.79 ,"9,653",,other,6.43,0,368,,,,
accmart,6.43,0,"3,346",,eformart,5.64,$0.79 ,"9,653",,,,
other,6.48,0,"1,936",,other,6.48,0,"1,936",,,,
http://www.amazon.com/gp/offer-listing/B000FGCUSE,27/03/2014,,,,http://www.amazon.com/gp/offer-listing/B000FGCUSE,27/03/2014,,,,,,
eformart,10,$0.79 ,"9,653",,eformart,10,$0.79 ,"9,653",,,,
ELE,10.99,0,"1,573",,ELE,10.99,0,"1,573",,,,
accmart,11,0,"3,346",,accmart,11,0,"3,346",,,,
other,11.99,0,"1,065",,other,11.99,0,"1,065",,,,
other,7,$4.99 ,"64,175",,other,7,$4.99 ,"64,175",,,,
other,12.3,0,"2,173",,other,12.3,0,"2,173",,,,
other,12.09,$0.50 ,"256,077",,other,12.09,$0.50 ,"256,077",,,,
other,9.99,$4.99 ,3,,other,9.99,$4.99 ,3,,,,
other,15.97,$4.99 ,"2,868",,other,15.97,$4.99 ,"2,868",,,,
other,18.98,$6.98 ,"3,228",,other,18.98,$6.98 ,"3,228",,,,
http://www.amazon.com/gp/offer-listing/B004C4SHQY,27/03/2014,,,,http://www.amazon.com/gp/offer-listing/B004C4SHQY,27/03/2014,,,,,,
other,3.6,0,"6,308",,other,3.6,0,"6,308",,,,
other,3.6,0,"9,671",,other,3.6,0,"9,671",,,,
other,3.63,0,"5,531",,other,3.63,0,"5,530",,,,
other,3.63,0,233,,other,3.63,0,233,,,,
ELE,3.68,0,"1,573",,ELE,3.68,0,"1,573",,,,
accmart,3.68,0,"3,346",,accmart,3.68,0,"3,346",,,,
eformart,2.91,$0.79 ,"9,653",,eformart,2.91,$0.79 ,"9,653",,,,
other,3.76,0,"1,474",,other,3.76,0,"1,474",,,,
other,0.01,$4.99 ,3,,other,0.01,$4.99 ,3,,,,
other,5.45,0,131,,other,5.45,0,131,,,,
http://www.amazon.com/gp/offer-listing/B003YNS0SY,27/03/2014,,,,http://www.amazon.com/gp/offer-listing/B003YNS0SY,27/03/2014,,,,,,
other,4.24,0,67,,other,4.24,0,67,,,,
other,4.24,0,"1,367",,other,4.24,0,"1,367",,,,
other,4.75,0,"1,051",,other,4.75,0,"1,051",,,,
other,4.77,0,73,,other,4.77,0,73,,,,
other,4.77,0,"1,326",,other,4.77,0,"1,328",,,,
other,5.87,0,413,,other,5.87,0,413,,,,
other,6.26,0,"50,570",,other,6.26,0,"50,570",,,,
other,7.1,0,0,,other,7.1,0,0,,,,
other,7.7,0,589,,other,7.7,0,589,,,,
other,7.99,0,883,,other,7.99,0,883,,,,
http://www.amazon.com/gp/offer-listing/B00182CIB8,27/03/2014,,,,http://www.amazon.com/gp/offer-listing/B00182CIB8,27/03/2014,,,,,,
accmart,2.75,0,"3,346",,accmart,2.75,0,"3,346",,,,
eformart,1.96,$0.79 ,"9,653",,eformart,1.96,$0.79 ,"9,653",,,,
smart,2.75,0,"9,362",,smart,2.75,0,"9,362",,,,
ELE,2.76,0,"1,573",,ELE,2.76,0,"1,573",,,,
other,2.76,0,"2,165",,other,2.76,0,"2,167",,,,
overfeel,2.76,0,"3,000",,HKSELLER,2.76,0,"6,374",,,,
HKSELLER,2.76,0,"6,374",,overfeel,2.76,0,"2,999",,,,
space,2.76,0,"5,433",,space,2.76,0,"5,433",,,,
other,2.77,0,151,,other,2.77,0,151,,,,
other,2.77,0,"142,887",,other,2.77,0,"142,887",,,,
http://www.amazon.com/gp/offer-listing/B0082JSOT0,27/03/2014,,,,http://www.amazon.com/gp/offer-listing/B0082JSOT0,27/03/2014,,,,,,
other,17.99,$0.99 ,721,,other,17.99,$0.99 ,721,,,,
other,19.99,0,0,,ELE,19.99,0,"1,573",,,,
ELE,19.99,0,"1,573",,other,19.99,0,0,,,,
other,20.63,0,"1,474",,other,20.63,0,"1,474",,,,
eformart,19.9,$0.79 ,"9,653",,eformart,19.9,$0.79 ,"9,653",,,,
other,20.69,0,"1,098",,other,20.69,0,"1,098",,,,
other,20.99,0,69,,other,20.99,0,69,,,,
other,19.5,$4.49 ,2,,other,19.5,$4.49 ,2,,,,
other,24.18,$2.49 ,"216,555",,other,24.18,$2.49 ,"216,555",,,,
other,26.67,0,"2,721",,other,26.67,0,"2,721",,,,
http://www.amazon.com/gp/offer-listing/B000JPCAL8,27/03/2014,,,,http://www.amazon.com/gp/offer-listing/B000JPCAL8,27/03/2014,,,,,,
accmart,2.95,0,"3,346",,accmart,2.95,0,"3,346",,,,
eformart,2.16,$0.79 ,"9,653",,eformart,2.16,$0.79 ,"9,653",,,,
other,2.95,0,"5,530",,other,2.95,0,"5,530",,,,
ELE,2.99,0,"1,573",,ELE,2.99,0,"1,573",,,,
other,3.29,0,"109,763",,other,3.29,0,"109,764",,,,
other,0.99,$2.50 ,"2,098",,other,0.99,$2.50 ,"2,098",,,,
other,2.99,$0.99 ,721,,other,2.99,$0.99 ,721,,,,
other,4.07,0,"6,144",,other,4.07,0,"6,144",,,,
other,0.01,$4.09 ,147,,other,0.01,$4.09 ,147,,,,
other,1.35,$2.99 ,"20,927",,other,1.35,$2.99 ,"20,927",,,,
http://www.amazon.com/gp/offer-listing/B001I1KU6O,27/03/2014,,,,http://www.amazon.com/gp/offer-listing/B001I1KU6O,27/03/2014,,,,,,
eformart,2.41,$0.79 ,"9,653",,other,3.2,0,"5,532",,,,
ELE,3.2,0,"1,573",,accmart,3.2,0,"3,346",,,,
other,3.2,0,"5,530",,ELE,3.2,0,"1,573",,,,
accmart,3.2,0,"3,346",,eformart,2.41,$0.79 ,"9,653",,,,
other,3.25,0,12,,other,3.25,0,"512,789",,,,
other,3.25,0,"512,789",,other,3.25,0,12,,,,
other,3.4,0,"1,474",,other,3.4,0,"1,474",,,,
other,3.98,0,"142,887",,other,3.98,0,"142,887",,,,
other,3.99,0,177,,other,3.99,0,177,,,,
other,2.77,$1.99 ,88,,other,2.77,$1.99 ,88,,,,
http://www.amazon.com/gp/offer-listing/B001O7NZYG,27/03/2014,,,,http://www.amazon.com/gp/offer-listing/B001O7NZYG,27/03/2014,,,,,,
other,2.2,$0.99 ,"33,363",,other,2.2,$0.99 ,"33,342",,,,
accmart,3.2,0,"3,346",,other,3.2,0,"1,051",,,,
other,3.2,0,"1,051",,accmart,3.2,0,"3,346",,,,
ELE,3.23,0,"1,573",,ELE,3.23,0,"1,573",,,,
other,3.87,0,"216,555",,other,3.87,0,"216,555",,,,
other,3.87,0,"2,721",,other,3.87,0,"2,721",,,,
other,4.04,0,"52,300",,other,4.04,0,"52,300",,,,
other,1.39,$2.99 ,"20,927",,other,1.39,$2.99 ,"20,927",,,,
other,1.62,$2.95 ,"108,223",,other,1.62,$2.95 ,"108,223",,,,
other,4.72,0,0,,other,4.72,0,0,,,,
http://www.amazon.com/gp/offer-listing/B0058D4J0Q,27/03/2014,,,,http://www.amazon.com/gp/offer-listing/B0058D4J0Q,27/03/2014,,,,,,
other,6.7,$1.99 ,462,,other,4.3,$4.39 ,"1,132",,,,
other,4.3,$4.39 ,"1,132",,other,6.7,$1.99 ,462,,,,
eformart,8.1,$0.79 ,"9,653",,eformart,8.1,$0.79 ,"9,653",,,,
accmart,8.9,0,"3,346",,accmart,8.9,0,"3,346",,,,
other,7.92,$1.00 ,442,,other,7.92,$1.00 ,442,,,,
other,7.92,$1.00 ,38,,other,7.92,$1.00 ,38,,,,
other,9.26,0,"5,531",,other,9.26,0,"5,530",,,,
other,10.98,0,60,,other,10.98,0,60,,,,
other,11.25,0,0,,other,11.25,0,0,,,,
other,12.8,0,59,,other,12.8,0,59,,,,
http://www.amazon.com/gp/offer-listing/B008LJRN4S,27/03/2014,,,,http://www.amazon.com/gp/offer-listing/B008LJRN4S,27/03/2014,,,,,,
ELE,3,0,"1,573",,accmart,3,0,"3,346",,,,
other,3,0,"1,474",,other,3,0,"1,474",,,,
accmart,3,0,"3,346",,eformart,2.21,$0.79 ,"9,653",,,,
eformart,2.21,$0.79 ,"9,653",,ELE,3,0,"1,573",,,,
other,0.01,$4.99 ,"64,175",,other,0.01,$4.99 ,"64,175",,,,
http://www.amazon.com/gp/offer-listing/B00AGSB7MG,27/03/2014,,,,http://www.amazon.com/gp/offer-listing/B00AGSB7MG,27/03/2014,,,,,,
other,10.79,0,57,,other,10.79,0,58,,,,
eformart,10,$0.79 ,"9,653",,eformart,10,$0.79 ,"9,653",,,,
other,11.68,0,37,,other,11.68,0,37,,,,
accmart,12.87,0,"3,346",,accmart,12.87,0,"3,346",,,,
other,9.9,$2.99 ,324,,other,12.89,0,60,,,,
other,12.89,0,60,,other,9.9,$2.99 ,324,,,,
other,15.95,0,"1,620",,other,15.95,0,"1,620",,,,
other,12.79,$4.49 ,"1,620",,other,12.79,$4.49 ,"1,620",,,,
other,12.79,$4.57 ,13,,other,12.79,$4.57 ,13,,,,
other,12.58,$4.99 ,8,,other,12.58,$4.99 ,8,,,,
http://www.amazon.com/gp/offer-listing/B006TS510Q,27/03/2014,,,,http://www.amazon.com/gp/offer-listing/B006TS510Q,27/03/2014,,,,,,
other,6.44,0,"3,826",,other,6.44,0,368,,,,
other,6.44,0,368,,other,4.45,$1.99 ,462,,,,
accmart,6.44,0,"3,346",,accmart,6.44,0,"3,346",,,,
other,4.45,$1.99 ,462,,other,6.44,0,"3,826",,,,
ELE,6.45,0,"1,573",,ELE,6.45,0,"1,573",,,,
other,6.48,0,"1,936",,other,6.48,0,"1,936",,,,
eformart,5.69,$0.79 ,"9,653",,eformart,5.69,$0.79 ,"9,653",,,,
other,7.5,0,0,,other,7.5,0,0,,,,
other,8.21,0,59,,other,8.21,0,59,,,,
other,8.22,0,341,,other,8.22,0,341,,,,
http://www.amazon.com/gp/offer-listing/B00274QWUO,27/03/2014,,,,http://www.amazon.com/gp/offer-listing/B00274QWUO,27/03/2014,,,,,,
other,2.01,0,"1,936",,ELE,2.01,0,"1,573",,,,
other,2.01,0,"293,211",,other,2.01,0,"1,936",,,,
ELE,2.01,0,"1,573",,other,2.01,0,"293,211",,,,
other,2.02,0,405,,accmart,2.02,0,"3,346",,,,
accmart,2.02,0,"3,346",,other,2.02,0,405,,,,
other,0.11,$1.95 ,9,,other,0.11,$1.95 ,9,,,,
eformart,1.35,$0.79 ,"9,653",,eformart,1.35,$0.79 ,"9,653",,,,
other,1.87,$0.28 ,"48,089",,other,1.87,$0.28 ,"48,089",,,,
other,2.15,0,"166,207",,other,2.15,0,"166,207",,,,
other,1.19,$0.99 ,"2,761",,other,1.19,$0.99 ,"2,761",,,,
http://www.amazon.com/gp/offer-listing/B001K38Z2G,27/03/2014,,,,http://www.amazon.com/gp/offer-listing/B001K38Z2G,27/03/2014,,,,,,
accmart,1.82,0,"3,346",,accmart,1.82,0,"3,346",,,,
other,1.83,0,234,,other,1.83,0,233,,,,
other,1.83,0,166,,other,1.83,0,166,,,,
other,1.83,0,"5,531",,eformart,1.04,$0.79 ,"9,653",,,,
eformart,1.04,$0.79 ,"9,653",,other,1.83,0,"5,532",,,,
smart,1.83,0,"9,362",,smart,1.83,0,"9,363",,,,
space,1.87,0,"5,433",,space,1.87,0,"5,434",,,,
other,1.88,0,"4,902",,other,1.88,0,"4,902",,,,
overfeel,1.88,0,"3,000",,HKSELLER,1.88,0,"6,374",,,,
HKSELLER,1.88,0,"6,374",,overfeel,1.88,0,"3,000",,,,
http://www.amazon.com/gp/offer-listing/B005N55WHI,27/03/2014,,,,http://www.amazon.com/gp/offer-listing/B005N55WHI,27/03/2014,,,,,,
other,1.5,0,646,,other,1.5,0,646,,,,
other,1.02,$0.50 ,308,,other,1.52,0,"4,402",,,,
accmart,1.52,0,"3,346",,ELE,1.52,0,"1,573",,,,
other,1.52,0,"4,402",,accmart,1.52,0,"3,346",,,,
other,1.52,0,"5,044",,other,1.02,$0.50 ,308,,,,
ELE,1.52,0,"1,573",,other,1.52,0,"5,046",,,,
eformart,0.74,$0.79 ,"9,653",,eformart,0.74,$0.79 ,"9,653",,,,
other,1.53,0,"11,843",,other,1.53,0,"11,844",,,,
other,1.55,0,"1,474",,other,1.55,0,"1,474",,,,
other,1.55,0,"5,531",,other,1.55,0,"5,529",,,,
http://www.amazon.com/gp/offer-listing/B004SW9Q38,27/03/2014,,,,http://www.amazon.com/gp/offer-listing/B004SW9Q38,27/03/2014,,,,,,
ELE,7.12,0,"1,573",,ELE,7.12,0,"1,573",,,,
eformart,6.34,$0.79 ,"9,653",,other,5.14,$1.99 ,462,,,,
other,5.14,$1.99 ,462,,eformart,6.34,$0.79 ,"9,653",,,,
smart,7.13,0,"9,362",,smart,7.13,0,"9,363",,,,
overfeel,7.14,0,"3,000",,space,7.14,0,"5,434",,,,
space,7.14,0,"5,433",,HKSELLER,7.14,0,"6,374",,,,
HKSELLER,7.14,0,"6,374",,overfeel,7.14,0,"3,000",,,,
other,7.29,0,"5,531",,other,6.32,$0.97 ,561,,,,
other,6.31,$0.98 ,1,,other,6.31,$0.98 ,1,,,,
other,6.3,$0.99 ,298,,other,6.3,$0.99 ,298,,,,
http://www.amazon.com/gp/offer-listing/B004WXJN5E,27/03/2014,,,,http://www.amazon.com/gp/offer-listing/B004WXJN5E,27/03/2014,,,,,,
other,7.2,$0.98 ,1,,other,7.2,$0.98 ,1,,,,
other,7.21,$0.97 ,561,,other,7.21,$0.97 ,561,,,,
other,7.19,$0.99 ,298,,other,7.19,$0.99 ,298,,,,
other,8.18,0,"5,531",,other,8.18,0,"5,534",,,,
other,4.23,$3.99 ,2,,other,4.23,$3.99 ,2,,,,
accmart,8.23,0,"3,346",,accmart,8.23,0,"3,346",,,,
ELE,8.23,0,"1,573",,ELE,8.23,0,"1,573",,,,
eformart,7.49,$0.79 ,"9,653",,eformart,7.49,$0.79 ,"9,653",,,,
other,8.84,0,"5,499",,other,8.84,0,"5,499",,,,
other,8.92,0,116,,other,8.92,0,116,,,,
http://www.amazon.com/gp/offer-listing/B004XLAWZA,27/03/2014,,,,http://www.amazon.com/gp/offer-listing/B004XLAWZA,27/03/2014,,,,,,
eformart,7.15,$0.79 ,"9,653",,accmart,7.94,0,"3,346",,,,
accmart,7.94,0,"3,346",,eformart,7.15,$0.79 ,"9,653",,,,
other,7.94,0,"5,532",,other,7.94,0,"5,531",,,,
other,8.22,0,13,,other,8.22,0,13,,,,
other,8.43,0,60,,other,8.43,0,60,,,,
other,5.08,$3.99 ,0,,other,5.08,$3.99 ,0,,,,
other,9.23,0,58,,other,9.23,0,57,,,,
other,9.66,0,116,,other,9.66,0,233,,,,
other,9.66,0,233,,other,9.66,0,116,,,,
other,9.69,0,160,,other,9.69,0,160,,,,
http://www.amazon.com/gp/offer-listing/B0009DPQYI,27/03/2014,,,,http://www.amazon.com/gp/offer-listing/B0009DPQYI,27/03/2014,,,,,,
other,0.01,$3.99 ,"4,213",,other,0.01,$3.99 ,"4,213",,,,
accmart,4.04,0,"3,346",,eformart,3.25,$0.79 ,"9,653",,,,
eformart,3.25,$0.79 ,"9,653",,accmart,4.04,0,"3,346",,,,
ELE,4.05,0,"1,573",,ELE,4.05,0,"1,573",,,,
other,4.39,0,"50,570",,other,4.39,0,"50,570",,,,
other,0.95,$3.99 ,"21,081",,other,0.95,$3.99 ,"21,081",,,,
other,0.98,$3.99 ,"34,614",,other,0.98,$3.99 ,"34,614",,,,
other,5.84,0,"1,454",,other,5.84,0,"1,454",,,,
other,1.87,$3.99 ,"32,263",,other,1.87,$3.99 ,"32,263",,,,
other,1.88,$3.98 ,"49,116",,other,1.88,$3.98 ,"49,116",,,,
http://www.amazon.com/gp/offer-listing/B000Y991XO,27/03/2014,,,,http://www.amazon.com/gp/offer-listing/B000Y991XO,27/03/2014,,,,,,
accmart,2.48,0,"3,346",,other,2.48,0,"1,473",,,,
ELE,2.48,0,"1,573",,eformart,1.69,$0.79 ,"9,653",,,,
eformart,1.69,$0.79 ,"9,653",,other,2.48,0,"5,531",,,,
other,2.48,0,"1,474",,accmart,2.48,0,"3,346",,,,
other,2.48,0,"5,531",,ELE,2.48,0,"1,573",,,,
smart,2.48,0,"9,362",,smart,2.48,0,"9,363",,,,
space,2.49,0,"5,433",,overfeel,2.49,0,"3,000",,,,
overfeel,2.49,0,"3,000",,HKSELLER,2.49,0,"6,374",,,,
HKSELLER,2.49,0,"6,374",,space,2.49,0,"5,434",,,,
other,2.8,0,"31,456",,other,2.8,0,"31,456",,,,
http://www.amazon.com/gp/offer-listing/B0019SVUQK,27/03/2014,,,,http://www.amazon.com/gp/offer-listing/B0019SVUQK,27/03/2014,,,,,,
other,2.56,0,"1,892",,other,2.56,0,"1,890",,,,
ELE,2.57,0,"1,573",,ELE,2.57,0,"1,573",,,,
accmart,2.58,0,"3,346",,other,2.58,0,"1,936",,,,
other,2.58,0,"1,936",,accmart,2.58,0,"3,346",,,,
other,1.8,$0.99 ,"33,363",,other,1.8,$0.99 ,"33,358",,,,
eformart,2,$0.79 ,"9,653",,eformart,2,$0.79 ,"9,653",,,,
other,2.91,0,"31,456",,other,2.91,0,"31,456",,,,
other,3.62,0,"18,302",,other,3.62,0,"18,302",,,,
other,3.99,0,"1,076",,other,3.99,0,"1,077",,,,
other,4.49,0,"191,652",,other,4.49,0,"191,653",,,,
http://www.amazon.com/gp/offer-listing/B001M547EM,27/03/2014,,,,http://www.amazon.com/gp/offer-listing/B001M547EM,27/03/2014,,,,,,
other,8.98,0,13,,other,8.98,0,13,,,,
eformart,8.2,$0.79 ,"9,653",,ELE,8.99,0,"1,573",,,,
ELE,8.99,0,"1,573",,eformart,8.2,$0.79 ,"9,653",,,,
other,10.55,0,18,,other,10.55,0,18,,,,
other,10.76,0,274,,other,10.76,0,274,,,,
other,4.99,$5.99 ,0,,other,4.99,$5.99 ,0,,,,
other,17.99,0,"2,166",,other,17.99,0,"2,165",,,,
other,15,$5.99 ,0,,other,15,$5.99 ,0,,,,
other,19.99,$5.99 ,0,,other,19.99,$5.99 ,0,,,,
other,24.5,$5.99 ,"5,891",,other,24.5,$5.99 ,"5,890",,,,
http://www.amazon.com/gp/offer-listing/B002HZWEIC,27/03/2014,,,,http://www.amazon.com/gp/offer-listing/B002HZWEIC,27/03/2014,,,,,,
eformart,2.12,$0.79 ,"9,653",,eformart,2.12,$0.79 ,"9,653",,,,
other,2.91,0,"5,532",,other,2.91,0,"5,531",,,,
accmart,2.91,0,"3,346",,accmart,2.91,0,"3,346",,,,
ELE,2.91,0,"1,573",,ELE,2.91,0,"1,573",,,,
other,1.16,$1.95 ,9,,other,1.16,$1.95 ,9,,,,
other,3.32,0,"1,936",,other,3.32,0,"1,936",,,,
other,4.17,0,"142,887",,other,4.17,0,"142,887",,,,
other,4.18,0,"1,196",,other,4.18,0,"1,196",,,,
other,1.25,$2.99 ,"243,679",,other,1.25,$2.99 ,"243,680",,,,
other,5.17,0,"8,936",,other,5.17,0,"8,936",,,,
http://www.amazon.com/gp/offer-listing/B003XTX09S,27/03/2014,,,,http://www.amazon.com/gp/offer-listing/B003XTX09S,27/03/2014,,,,,,
other,4.98,0,13,,other,4.98,0,13,,,,
other,5.01,0,17,,other,5.01,0,17,,,,
other,5.02,0,"5,529",,other,5.02,0,234,,,,
accmart,5.02,0,"3,346",,other,5.02,0,"5,531",,,,
other,5.02,0,234,,other,5.02,0,"1,474",,,,
other,5.02,0,"1,474",,accmart,5.02,0,"3,346",,,,
other,2.53,$2.49 ,"1,467",,other,2.53,$2.49 ,"1,467",,,,
ELE,5.02,0,"1,573",,ELE,5.02,0,"1,573",,,,
eformart,4.24,$0.79 ,"9,653",,eformart,4.24,$0.79 ,"9,653",,,,
other,3,$2.30 ,"2,741",,other,3,$2.30 ,"2,741",,,,
http://www.amazon.com/gp/offer-listing/B004SW9Q38,27/03/2014,,,,http://www.amazon.com/gp/offer-listing/B004SW9Q38,27/03/2014,,,,,,
ELE,7.12,0,"1,573",,ELE,7.12,0,"1,573",,,,
eformart,6.34,$0.79 ,"9,653",,eformart,6.34,$0.79 ,"9,653",,,,
other,5.14,$1.99 ,462,,other,5.14,$1.99 ,462,,,,
smart,7.13,0,"9,363",,smart,7.13,0,"9,362",,,,
overfeel,7.14,0,"3,000",,space,7.14,0,"5,433",,,,
space,7.14,0,"5,433",,overfeel,7.14,0,"2,999",,,,
HKSELLER,7.14,0,"6,374",,HKSELLER,7.14,0,"6,374",,,,
other,7.29,0,"5,531",,other,7.29,0,"5,530",,,,
other,6.31,$0.98 ,1,,other,6.3,$0.99 ,298,,,,
other,6.3,$0.99 ,298,,other,6.32,$0.97 ,561,,,,
http://www.amazon.com/gp/offer-listing/B007A2BLKO,27/03/2014,,,,http://www.amazon.com/gp/offer-listing/B007A2BLKO,27/03/2014,,,,,,
accmart,5.99,0,"3,346",,ELE,5.99,0,"1,573",,,,
other,5.99,0,"1,474",,eformart,5.2,$0.79 ,"9,653",,,,
other,5.99,0,"1,936",,accmart,5.99,0,"3,346",,,,
ELE,5.99,0,"1,573",,other,5.99,0,"1,474",,,,
eformart,5.2,$0.79 ,"9,653",,other,5.99,0,"1,936",,,,
other,5.32,$1.99 ,45,,other,5.32,$1.99 ,45,,,,
other,8.51,0,"1,286",,other,8.51,0,"1,286",,,,
other,5.79,$3.25 ,107,,other,5.79,$3.25 ,107,,,,
other,7.33,$1.99 ,180,,other,7.33,$1.99 ,181,,,,
other,9.92,0,1,,other,9.92,0,1,,,,
http://www.amazon.com/gp/offer-listing/B003YNS0W0,27/03/2014,,,,http://www.amazon.com/gp/offer-listing/B003YNS0W0,27/03/2014,,,,,,
other,6.87,0,73,,other,6.87,0,"1,326",,,,
other,6.87,0,"1,328",,other,6.87,0,73,,,,
other,6.9,0,"1,367",,other,6.9,0,"1,367",,,,
other,6.92,0,413,,other,6.92,0,413,,,,
other,6.95,0,"1,051",,other,6.95,0,"1,051",,,,
other,7.97,0,589,,other,7.97,0,589,,,,
other,9.5,0,0,,other,9.5,0,0,,,,
other,7.61,$2.98 ,"859,374",,other,7.61,$2.98 ,"859,374",,,,
other,10.6,0,"6,551",,other,10.6,0,"6,551",,,,
other,11.27,0,"66,686",,other,11.27,0,"66,688",,,,
http://www.amazon.com/gp/offer-listing/B004TNPA40,27/03/2014,,,,http://www.amazon.com/gp/offer-listing/B004TNPA40,27/03/2014,,,,,,
other,6.86,$1.99 ,462,,other,8.85,0,"5,532",,,,
eformart,8.06,$0.79 ,"9,653",,other,8.85,0,112,,,,
other,8.85,0,112,,eformart,8.06,$0.79 ,"9,653",,,,
other,8.85,0,"5,532",,other,6.86,$1.99 ,462,,,,
other,8.86,0,82,,other,8.86,0,82,,,,
other,8.86,0,48,,other,8.86,0,48,,,,
other,8.86,0,58,,other,8.86,0,58,,,,
other,4.88,$3.99 ,0,,other,4.88,$3.99 ,0,,,,
accmart,8.9,0,"3,346",,accmart,8.9,0,"3,346",,,,
other,8.98,0,60,,other,8.98,0,60,,,,
http://www.amazon.com/gp/offer-listing/B001KT80IO,27/03/2014,,,,http://www.amazon.com/gp/offer-listing/B001KT80IO,27/03/2014,,,,,,
eformart,2.11,$0.79 ,"9,653",,eformart,2.11,$0.79 ,"9,653",,,,
other,2.9,0,"3,416",,other,2.9,0,"3,416",,,,
other,2.91,0,"5,530",,ELE,2.91,0,"1,573",,,,
other,2.91,0,233,,accmart,2.91,0,"3,346",,,,
ELE,2.91,0,"1,573",,other,2.91,0,233,,,,
accmart,2.91,0,"3,346",,other,2.91,0,"5,531",,,,
other,3.89,0,"1,076",,other,3.89,0,"1,077",,,,
other,4.2,0,36,,other,4.2,0,36,,,,
other,0.01,$4.99 ,0,,other,0.01,$4.99 ,0,,,,
other,4.62,$1.99 ,883,,other,4.62,$1.99 ,883,,,,
http://www.amazon.com/gp/offer-listing/B0030AZ48U,27/03/2014,,,,http://www.amazon.com/gp/offer-listing/B0030AZ48U,27/03/2014,,,,,,
other,2.92,0,"3,826",,Meco,2.92,0,"8,875",,,,
Meco,2.92,0,"8,875",,other,2.92,0,"3,826",,,,
other,2.93,0,"1,936",,other,2.93,0,"1,936",,,,
other,2.95,0,85,,other,2.95,0,85,,,,
other,2.31,$0.69 ,"1,456",,other,2.31,$0.69 ,"1,456",,,,
other,2.04,$0.99 ,"1,960",,other,3.03,0,"6,017",,,,
other,3.03,0,"6,017",,other,2.04,$0.99 ,"1,960",,,,
other,3.11,0,646,,other,3.11,0,646,,,,
other,3.2,0,"1,279",,other,3.2,0,"1,279",,,,
eformart,2.59,$0.79 ,"9,653",,eformart,2.59,$0.79 ,"9,653",,,,
http://www.amazon.com/gp/offer-listing/B000051189,27/03/2014,,,,http://www.amazon.com/gp/offer-listing/B000051189,27/03/2014,,,,,,
eformart,4.58,$0.79 ,"9,653",,other,5.37,0,"8,579",,,,
other,5.37,0,"8,578",,eformart,4.58,$0.79 ,"9,653",,,,
other,6.27,0,589,,other,6.27,0,589,,,,
other,0.5,$5.78 ,88,,other,0.5,$5.78 ,88,,,,
other,7.19,0,0,,other,7.19,0,0,,,,
other,7.52,0,"1,027",,other,7.52,0,"1,027",,,,
other,8.01,0,723,,other,8.01,0,723,,,,
other,10.86,0,"4,632",,other,10.86,0,"4,632",,,,
other,4.2,$6.83 ,71,,other,4.2,$6.83 ,71,,,,
other,3.98,$7.12 ,"96,434",,other,3.98,$7.12 ,"96,434",,,,
http://www.amazon.com/gp/offer-listing/B004TNPA40,27/03/2014,,,,http://www.amazon.com/gp/offer-listing/B004TNPA40,27/03/2014,,,,,,
other,6.86,$1.99 ,462,,other,8.85,0,"5,530",,,,
eformart,8.06,$0.79 ,"9,653",,other,8.85,0,112,,,,
other,8.85,0,112,,eformart,8.06,$0.79 ,"9,653",,,,
other,8.85,0,"5,531",,other,6.86,$1.99 ,462,,,,
other,8.86,0,83,,other,8.86,0,82,,,,
other,8.86,0,48,,other,8.86,0,48,,,,
other,8.86,0,57,,other,8.86,0,58,,,,
other,4.88,$3.99 ,0,,other,4.88,$3.99 ,0,,,,
accmart,8.9,0,"3,346",,accmart,8.9,0,"3,346",,,,
other,8.98,0,60,,other,8.98,0,60,,,,
http://www.amazon.com/gp/offer-listing/B00520BL8I,27/03/2014,,,,http://www.amazon.com/gp/offer-listing/B00520BL8I,27/03/2014,,,,,,
other,1.84,0,15,,other,1.84,0,15,,,,
other,0.86,$0.99 ,2,,other,1.85,0,1,,,,
other,1.85,0,1,,other,0.86,$0.99 ,2,,,,
eformart,1.73,$0.79 ,"9,653",,ELE,2.52,0,"1,573",,,,
other,2.52,0,"1,474",,eformart,1.73,$0.79 ,"9,653",,,,
ELE,2.52,0,"1,573",,other,2.52,0,"1,474",,,,
accmart,2.53,0,"3,346",,accmart,2.53,0,"3,346",,,,
other,2.99,0,"1,076",,other,2.99,0,"1,077",,,,
other,3.3,0,405,,other,3.3,0,405,,,,
other,3.56,0,131,,other,3.56,0,131,,,,
http://www.amazon.com/gp/offer-listing/B006ZATRVW,27/03/2014,,,,http://www.amazon.com/gp/offer-listing/B006ZATRVW,27/03/2014,,,,,,
accmart,9.93,0,"3,346",,other,9.93,0,482,,,,
eformart,9.14,$0.79 ,"9,653",,accmart,9.93,0,"3,346",,,,
other,9.93,0,482,,other,9.93,0,736,,,,
other,9.93,0,58,,eformart,9.14,$0.79 ,"9,653",,,,
other,9.93,0,736,,other,9.93,0,58,,,,
other,9.94,0,0,,other,5.95,$3.99 ,0,,,,
other,5.95,$3.99 ,0,,other,9.94,0,0,,,,
other,7.98,$2.98 ,18,,other,7.98,$2.98 ,18,,,,
other,11.49,0,60,,other,11.49,0,60,,,,
other,12.89,0,59,,other,12.89,0,59,,,,
http://www.amazon.com/gp/offer-listing/B00007AP2O,27/03/2014,,,,http://www.amazon.com/gp/offer-listing/B00007AP2O,27/03/2014,,,,,,
smart,1.98,0,"9,363",,smart,1.98,0,"9,363",,,,
ELE,1.99,0,"1,573",,accmart,1.99,0,"3,346",,,,
accmart,1.99,0,"3,346",,ELE,1.99,0,"1,573",,,,
other,1.99,0,"1,474",,other,1.99,0,"1,474",,,,
HKSELLER,1.99,0,"6,374",,space,1.99,0,"5,434",,,,
space,1.99,0,"5,433",,HKSELLER,1.99,0,"6,374",,,,
overfeel,1.99,0,"3,000",,overfeel,1.99,0,"3,000",,,,
other,2.01,0,"1,936",,other,2.01,0,"1,936",,,,
other,2.02,0,"1,367",,other,2.02,0,"1,367",,,,
other,2.09,0,69,,other,2.09,0,69,,,,
http://www.amazon.com/gp/offer-listing/B004THZM4E,27/03/2014,,,,http://www.amazon.com/gp/offer-listing/B004THZM4E,27/03/2014,,,,,,
other,8.72,0,14,,other,8.72,0,14,,,,
other,8.73,0,368,,other,8.73,0,368,,,,
accmart,8.74,0,"3,346",,accmart,8.74,0,"3,346",,,,
eformart,7.95,$0.79 ,"9,653",,other,8.74,0,"5,531",,,,
other,8.74,0,"5,531",,other,8.74,0,8,,,,
other,8.74,0,8,,eformart,7.95,$0.79 ,"9,653",,,,
other,8.87,0,116,,other,8.87,0,116,,,,
other,8.87,0,233,,other,8.87,0,234,,,,
other,5.05,$3.99 ,2,,other,5.05,$3.99 ,2,,,,
other,9.55,0,341,,other,9.55,0,341,,,,
http://www.amazon.com/gp/offer-listing/B009CQC7YU,27/03/2014,,,,http://www.amazon.com/gp/offer-listing/B009CQC7YU,27/03/2014,,,,,,
other,2.06,0,40,,other,2.06,0,363,,,,
other,2.06,0,361,,other,2.06,0,40,,,,
accmart,2.08,0,"3,346",,eformart,1.29,$0.79 ,"9,653",,,,
eformart,1.29,$0.79 ,"9,653",,accmart,2.08,0,"3,346",,,,
smart,2.08,0,"9,362",,smart,2.08,0,"9,363",,,,
space,2.09,0,"5,433",,overfeel,2.09,0,"3,000",,,,
overfeel,2.09,0,"3,000",,HKSELLER,2.09,0,"6,374",,,,
HKSELLER,2.09,0,"6,374",,space,2.09,0,"5,434",,,,
other,2.1,0,10,,other,2.1,0,10,,,,
other,2.13,0,3,,other,2.13,0,3,,,,
